userId,movieId,rating,timestamp
6,48,3.5,1514764007
13,27,3.0,1514806620
1,1,3.5,1514807159
61,48,3.0,1514821285
14,41,3.5,1514822838
23,28,4.0,1514845226
3,33,3.5,1514872355
68,23,3.5,1514885325
95,2,3.5,1514901889
51,25,3.5,1515017044
24,15,3.0,1515052143
60,30,3.5,1515074826
79,2,3.0,1515127885
55,42,3.5,1515128434
11,17,4.0,1515162347
32,8,4.0,1515208235
91,35,3.5,1515251049
22,13,2.5,1515261505
80,15,3.0,1515265808
16,1,3.5,1515276808
18,9,3.0,1515285178
78,38,4.0,1515338730
99,18,4.0,1515374888
54,45,4.0,1515471135
49,19,3.0,1515480109
84,4,5.0,1515503938
13,23,4.0,1515514758
98,22,3.5,1515537443
23,11,3.0,1515542244
37,14,3.5,1515553934
21,35,3.5,1515642872
15,4,5.0,1515657024
78,12,4.0,1515672900
51,4,4.0,1515741608
80,19,3.5,1515792430
73,16,5.0,1515814013
11,50,3.0,1515873430
31,46,5.0,1515922808
93,35,3.5,1516046485
37,49,3.5,1516046934
73,40,3.5,1516068965
55,46,4.0,1516097199
84,3,3.5,1516190248
91,23,3.0,1516228305
51,36,5.0,1516234391
21,46,4.5,1516253840
73,45,4.0,1516296690
73,49,3.0,1516320814
69,23,4.0,1516334370
19,10,3.5,1516382566
28,40,4.5,1516387654
89,21,2.5,1516431327
21,30,3.0,1516444218
22,28,3.5,1516497233
22,36,4.0,1516503578
4,20,4.0,1516584267
57,29,3.5,1516596016
2,9,3.0,1516597317
78,43,4.0,1516617124
40,49,2.5,1516645702
67,34,4.0,1516650485
86,44,4.0,1516692313
86,2,3.5,1516708047
31,10,3.0,1516716350
88,47,3.0,1516753301
26,49,3.0,1516765128
53,4,5.0,1516767793
75,20,4.5,1516799743
37,38,4.5,1516825694
71,42,3.0,1516829033
48,34,3.0,1516857887
69,44,5.0,1517072312
45,25,4.0,1517094403
40,5,4.0,1517119912
14,48,4.5,1517152849
54,33,3.0,1517161964
45,47,4.5,1517169685
46,21,3.5,1517192573
78,44,4.0,1517211413
13,13,4.5,1517295722
40,1,3.0,1517339215
76,47,3.5,1517339734
58,12,3.5,1517347635
51,44,3.5,1517355504
32,25,3.0,1517367312
58,15,3.5,1517431532
88,17,4.0,1517481399
57,8,4.0,1517490420
93,17,4.0,1517531489
8,21,3.5,1517546388
81,23,4.0,1517582107
46,24,3.5,1517662705
4,40,4.0,1517680417
37,15,3.5,1517727695
85,3,2.5,1517750163
76,29,3.5,1517761396
85,8,4.0,1517766623
1,15,4.5,1517780286
53,30,4.0,1517826413
65,11,4.0,1517830780
52,25,3.5,1517841149
18,1,3.5,1517852028
80,45,4.0,1517880571
18,22,4.0,1517889651
53,14,4.5,1517903159
68,50,3.0,1517970321
33,25,3.5,1517976267
14,33,3.5,1518015273
42,49,3.5,1518058238
65,16,4.5,1518061885
98,24,5.0,1518094026
100,28,3.0,1518119704
78,16,4.5,1518129076
4,27,4.0,1518144538
88,18,4.5,1518148571
88,30,3.5,1518149212
40,47,4.0,1518154262
3,7,4.0,1518177635
12,23,4.5,1518178009
83,45,3.0,1518187341
68,41,4.0,1518190674
50,36,3.5,1518196164
13,4,5.0,1518229032
77,18,4.5,1518235009
78,50,4.0,1518238321
98,42,4.5,1518264007
67,29,4.0,1518274411
88,15,3.0,1518278361
74,38,3.5,1518327209
53,39,2.5,1518353350
83,35,3.5,1518380094
85,5,3.0,1518389928
87,5,4.0,1518416912
24,6,4.0,1518418493
94,41,4.0,1518434992
59,23,3.5,1518489163
60,45,2.5,1518516967
35,2,3.5,1518543650
57,11,3.5,1518566423
70,35,4.0,1518574105
79,24,3.5,1518606541
54,4,4.5,1518661636
89,24,3.0,1518679791
58,41,4.0,1518742043
48,44,5.0,1518773851
45,16,3.5,1518808083
53,38,5.0,1518829997
71,38,4.5,1518830218
54,1,4.0,1518864556
97,45,4.5,1518905399
91,1,3.5,1518982533
79,5,3.5,1519050261
26,46,5.0,1519059078
23,33,2.5,1519067186
48,32,3.0,1519077340
27,33,2.5,1519082912
46,13,2.5,1519131169
73,25,3.0,1519168021
61,23,5.0,1519185659
64,5,3.5,1519296897
13,15,3.5,1519317123
11,24,4.0,1519338729
48,48,3.0,1519343385
88,41,3.5,1519365475
100,43,4.0,1519368552
37,46,4.5,1519397011
93,20,4.0,1519403643
18,3,3.5,1519411457
41,43,4.0,1519415115
83,8,3.5,1519497035
50,8,4.0,1519615811
3,8,4.0,1519651578
39,8,4.0,1519667717
60,42,4.5,1519668650
94,4,4.5,1519694186
32,45,3.0,1519721529
82,17,3.0,1519733441
7,40,3.0,1519784903
74,36,4.5,1519815357
56,42,3.0,1519836274
44,12,3.5,1519869447
90,20,4.5,1519889183
30,40,3.0,1519925247
57,25,4.0,1520040369
57,6,3.0,1520151983
4,36,4.0,1520174424
81,2,4.0,1520178439
70,39,3.5,1520201474
87,27,3.5,1520214941
85,44,4.5,1520318503
6,1,4.0,1520332844
55,45,3.0,1520333384
64,4,4.0,1520440309
34,31,4.0,1520478095
20,23,3.0,1520534368
89,45,2.5,1520564881
85,39,3.5,1520572214
61,40,3.0,1520584537
98,14,4.0,1520649524
31,39,2.5,1520697359
35,7,4.5,1520717764
73,14,4.0,1520740473
32,43,3.5,1520758441
84,29,5.0,1520829054
47,11,4.0,1520844949
15,33,4.0,1520915158
23,21,3.0,1520924776
51,50,3.5,1520942229
25,47,3.0,1520958220
52,12,3.0,1520984891
97,5,4.0,1521019965
32,27,3.5,1521038076
2,48,3.0,1521040795
69,42,3.5,1521063839
89,13,3.5,1521134646
82,26,3.5,1521147952
25,20,4.0,1521149047
30,17,3.0,1521168112
7,47,4.0,1521186320
26,18,5.0,1521210624
66,26,3.5,1521242329
95,7,4.0,1521302986
71,40,4.5,1521325957
13,26,4.0,1521336369
6,15,3.0,1521359045
79,18,4.5,1521415730
63,47,2.5,1521435073
72,23,3.5,1521435934
21,40,3.5,1521448155
79,35,3.0,1521460254
59,47,4.0,1521493152
93,19,3.0,1521493371
81,38,4.0,1521559684
97,20,3.0,1521572874
19,23,3.5,1521706625
36,25,4.0,1521723225
23,35,2.5,1521726667
97,40,3.0,1521790043
11,45,4.0,1521803442
8,32,3.5,1521812139
70,18,5.0,1521813076
77,4,4.0,1521814124
64,27,4.0,1521817698
77,16,3.5,1521844963
42,42,4.0,1521887217
27,43,3.0,1521969208
13,17,4.0,1521977827
75,29,4.0,1521980124
25,37,3.0,1522089086
8,4,5.0,1522091455
65,39,3.0,1522091812
99,32,4.0,1522178743
29,6,4.5,1522196619
39,38,4.0,1522268713
75,42,4.0,1522302074
86,5,4.0,1522308316
45,22,4.5,1522323577
43,40,5.0,1522346793
57,15,4.0,1522347621
83,49,4.0,1522399502
44,18,4.0,1522404515
87,21,3.5,1522413522
54,41,4.5,1522442858
44,17,3.5,1522456026
26,50,4.0,1522467890
33,24,3.0,1522545099
53,25,2.5,1522574562
79,20,3.0,1522588604
61,43,3.0,1522595171
99,30,4.0,1522608504
52,18,4.0,1522624243
45,38,5.0,1522635306
10,21,3.0,1522672872
75,22,3.5,1522730991
32,31,3.0,1522732118
88,34,3.0,1522769442
10,30,4.5,1522775848
25,18,4.0,1522776038
22,12,4.5,1522826920
90,32,3.0,1522827297
54,43,4.0,1522849652
72,26,3.0,1522861237
36,18,4.0,1522861498
89,38,4.5,1522871659
93,2,4.0,1522883756
33,6,5.0,1522890567
26,27,4.0,1522928822
56,48,3.5,1522949200
30,41,4.5,1522951828
87,15,3.5,1522978140
9,26,2.5,1523003286
84,33,2.5,1523021782
22,17,3.0,1523028603
77,37,4.0,1523028665
75,23,3.5,1523061277
94,36,3.0,1523144832
32,10,3.5,1523149908
88,33,2.5,1523160420
91,37,5.0,1523179666
82,39,4.0,1523186165
87,42,4.0,1523190596
21,8,3.5,1523229172
95,17,4.5,1523320781
19,14,4.0,1523330193
64,12,4.0,1523339500
41,16,4.5,1523426262
61,35,4.0,1523582457
1,12,3.5,1523587926
60,25,4.0,1523654479
36,35,4.5,1523657050
59,1,4.5,1523766868
65,47,4.5,1523799997
60,8,4.0,1523826134
19,12,3.5,1523919007
79,46,4.0,1523925072
92,5,3.0,1523937626
34,25,3.0,1523991194
53,24,4.0,1524005763
54,44,3.5,1524027282
30,49,3.0,1524073815
57,19,2.5,1524073895
69,45,3.0,1524099373
29,34,2.5,1524196200
75,21,2.5,1524236697
12,35,4.5,1524311317
83,36,4.0,1524374593
32,30,3.0,1524391988
64,16,3.5,1524392251
18,48,3.0,1524398108
74,8,4.5,1524405397
80,26,4.5,1524444465
35,10,3.5,1524520539
15,17,3.5,1524536962
95,8,5.0,1524539692
10,12,4.5,1524614271
69,22,5.0,1524624493
47,15,3.5,1524629697
93,21,2.5,1524639999
50,39,4.0,1524644207
33,35,4.0,1524654248
17,35,3.0,1524664998
70,25,4.0,1524666854
68,34,4.0,1524695644
26,13,3.5,1524728855
64,49,3.5,1524781575
51,6,4.5,1524835313
63,37,4.0,1524867403
27,11,4.0,1524904657
1,26,3.0,1524939235
49,13,4.0,1524958440
44,9,2.5,1524978995
45,3,2.5,1524987805
54,17,3.5,1525200295
36,40,4.0,1525202577
4,37,4.0,1525204621
37,31,3.5,1525245865
63,27,3.5,1525261734
33,21,4.0,1525397926
62,31,3.0,1525408814
3,46,4.0,1525420607
19,16,4.5,1525437356
16,3,3.0,1525479034
42,50,3.0,1525503100
90,24,5.0,1525532205
44,15,3.5,1525563972
5,36,3.0,1525608565
98,8,3.5,1525612566
76,6,4.0,1525627385
96,43,3.5,1525639487
23,27,3.0,1525640762
37,45,3.0,1525651435
23,1,3.5,1525675018
53,3,4.0,1525704529
70,32,4.5,1525740574
10,20,3.0,1525782016
55,30,4.0,1525791350
70,23,5.0,1525799576
26,1,4.0,1525817096
56,10,3.5,1525826904
54,42,5.0,1525846988
15,15,3.5,1525919281
31,15,3.0,1525926231
30,27,4.0,1525937408
60,14,4.5,1526038562
57,33,3.0,1526052589
26,22,4.0,1526076727
24,50,4.0,1526109795
48,15,4.0,1526134028
22,21,4.0,1526136744
49,33,3.5,1526190935
78,35,3.0,1526226451
69,47,3.5,1526254799
90,47,3.0,1526255205
100,37,4.0,1526268223
82,27,2.5,1526273836
53,9,4.5,1526339894
94,37,3.5,1526362927
86,29,4.5,1526417421
36,14,2.5,1526434711
42,3,3.5,1526450134
51,48,3.0,1526460879
96,12,4.0,1526470323
97,19,4.0,1526471125
8,8,4.0,1526480691
42,6,4.5,1526487396
69,46,4.0,1526495870
76,19,3.5,1526569197
93,18,4.0,1526606489
85,49,4.5,1526610922
71,7,4.0,1526640215
82,15,4.5,1526651631
17,22,4.0,1526687344
62,22,4.0,1526709126
33,13,3.0,1526718332
90,27,2.5,1526751740
40,3,2.5,1526771659
91,24,4.5,1526788964
58,21,3.0,1526831991
81,10,3.0,1526904974
4,31,4.0,1526947542
70,33,3.5,1526989530
97,27,2.5,1527010068
49,39,3.0,1527030857
6,20,4.0,1527075688
4,30,3.0,1527164089
57,30,3.5,1527202848
49,47,3.5,1527212109
87,28,4.0,1527285745
31,28,3.0,1527311391
86,20,3.0,1527373911
48,37,3.5,1527421280
13,38,5.0,1527431820
48,23,4.0,1527451265
77,38,5.0,1527567620
76,28,3.5,1527576148
9,43,3.0,1527616692
29,18,3.5,1527636801
71,41,4.0,1527676048
16,21,3.5,1527763826
79,30,3.5,1527775835
26,2,3.0,1527781573
95,22,4.0,1527784294
37,27,3.5,1527838069
31,22,4.0,1527856002
50,4,4.0,1527913555
83,2,4.0,1527957677
42,15,3.0,1527979117
5,41,3.5,1527989809
33,42,4.0,1527991987
5,2,3.5,1527996809
100,23,3.0,1528025390
23,34,3.5,1528042767
13,40,3.5,1528048167
1,27,3.5,1528104970
81,34,4.5,1528113280
35,25,3.0,1528166605
70,16,5.0,1528178967
14,4,3.5,1528226412
89,43,3.5,1528251433
25,32,2.5,1528278967
73,36,3.5,1528296914
24,3,4.0,1528404253
56,13,3.5,1528445752
99,45,3.5,1528622217
64,6,3.5,1528629372
39,1,3.5,1528647802
88,8,4.5,1528667735
66,7,4.0,1528718473
13,45,3.5,1528760494
32,6,4.5,1528786819
96,14,3.0,1528938823
99,49,3.0,1528983792
74,24,3.5,1528992022
54,19,3.0,1528998077
56,34,3.5,1529097686
27,10,3.0,1529124901
31,9,3.0,1529163763
52,3,4.5,1529239652
93,28,3.5,1529269343
98,26,4.0,1529346075
33,38,4.0,1529378396
67,7,4.0,1529391371
45,39,3.0,1529428891
10,37,3.5,1529431093
35,20,3.5,1529486902
8,44,3.0,1529500964
85,23,4.5,1529535796
9,23,4.0,1529544900
10,36,3.5,1529577269
2,50,3.0,1529579816
99,14,3.5,1529605845
60,11,5.0,1529613430
65,32,4.5,1529647687
51,43,3.5,1529662453
90,42,4.0,1529710293
48,39,3.0,1529720852
36,49,3.5,1529758431
77,20,3.5,1529797355
52,45,3.0,1529826647
90,41,3.5,1529852409
6,14,4.0,1529868286
51,5,3.0,1529876108
18,25,4.0,1529939113
42,47,3.5,1529946973
13,34,4.0,1529978350
71,29,4.0,1530018312
44,21,4.0,1530049781
88,37,3.0,1530092523
87,31,2.5,1530137701
52,17,4.0,1530175319
52,15,3.5,1530182561
14,29,3.5,1530206747
1,34,3.5,1530231902
60,27,4.0,1530238944
47,39,3.5,1530274466
69,36,4.0,1530278277
98,1,3.5,1530330144
83,46,5.0,1530347299
22,9,3.5,1530373189
8,23,4.0,1530409737
14,30,4.0,1530461181
22,14,4.5,1530477131
40,43,3.5,1530514641
89,5,3.5,1530577999
20,4,4.0,1530583792
50,45,4.0,1530655243
94,15,3.5,1530662047
31,17,3.5,1530663453
38,2,4.0,1530666436
14,10,2.0,1530680494
86,7,3.5,1530726411
21,12,4.5,1530726604
68,37,3.5,1530765644
95,13,3.5,1530787574
44,45,2.5,1530851290
1,30,3.0,1530868598
47,13,4.0,1530915862
76,49,4.0,1530934182
97,28,3.5,1530975400
76,50,3.5,1531010520
54,38,3.5,1531045981
23,41,4.0,1531123756
13,5,3.5,1531132875
75,43,4.0,1531175895
71,4,5.0,1531316960
64,39,3.0,1531345597
72,16,4.5,1531347504
88,42,4.0,1531360348
22,46,4.5,1531389640
83,22,4.0,1531506407
78,24,3.5,1531590563
11,31,3.0,1531597849
84,15,4.0,1531621918
58,23,3.5,1531643179
4,26,3.5,1531845541
51,37,5.0,1531857957
13,12,4.0,1531880370
7,1,4.0,1531935580
26,40,3.5,1531956079
84,24,3.0,1531958831
58,5,3.0,1532069216
75,13,3.0,1532073489
60,49,4.0,1532096286
48,42,3.5,1532098574
83,5,3.5,1532115349
86,23,4.5,1532123788
22,2,2.0,1532133406
99,15,4.0,1532176147
51,10,2.5,1532264301
31,21,2.5,1532291216
45,49,3.5,1532333741
37,9,3.5,1532338216
8,43,2.5,1532422430
47,8,5.0,1532436372
23,32,3.0,1532463974
48,40,3.5,1532540377
26,37,4.5,1532569497
49,31,3.0,1532584071
99,26,4.0,1532686331
68,18,4.5,1532716426
85,21,3.5,1532771867
87,3,3.5,1532775616
20,26,3.5,1532817901
98,34,2.5,1532856594
51,20,3.5,1532862335
90,38,4.5,1532865605
31,13,3.0,1532870396
6,26,3.0,1532886566
88,46,4.0,1532903168
36,11,4.0,1532929193
48,4,3.5,1532937675
34,5,3.5,1532939671
74,33,3.0,1532966985
66,29,4.0,1532988547
53,7,4.5,1533098801
6,31,3.0,1533136440
62,40,3.0,1533143568
82,32,4.0,1533150232
65,43,3.0,1533211547
96,29,5.0,1533243600
45,29,4.5,1533288297
96,48,3.0,1533344673
31,3,3.0,1533361485
61,13,3.0,1533385187
86,30,3.5,1533439700
77,48,4.0,1533441975
86,35,4.0,1533469359
45,46,3.5,1533478956
41,42,3.5,1533482807
73,3,3.0,1533584142
63,9,4.0,1533584369
80,11,3.5,1533586032
81,40,4.5,1533596823
67,23,4.5,1533660003
91,17,3.0,1533663158
41,17,3.0,1533676717
38,5,3.5,1533705922
54,37,4.5,1533729623
81,46,3.5,1533772748
54,10,2.0,1533825706
7,33,3.5,1533843314
71,36,4.0,1533882273
45,36,3.5,1533923401
33,28,3.0,1533923937
75,26,3.0,1533934536
85,47,3.5,1533935629
98,5,4.5,1533967007
90,30,3.0,1533981621
89,28,4.0,1533996456
97,21,4.0,1534002307
7,9,3.5,1534015566
74,41,4.5,1534067629
3,15,4.0,1534078634
38,22,4.0,1534135407
92,30,3.0,1534136971
84,32,4.0,1534177366
86,33,3.5,1534189284
57,35,3.0,1534256804
76,39,2.5,1534298161
5,33,3.5,1534312842
13,46,4.0,1534325501
25,31,4.0,1534332530
96,20,4.0,1534358062
37,32,3.5,1534384716
71,22,4.0,1534399279
54,26,2.5,1534410558
71,30,4.5,1534435653
47,34,4.5,1534439741
3,24,4.5,1534440079
28,27,3.5,1534446697
57,45,4.0,1534600684
15,28,3.0,1534675291
77,35,4.5,1534740986
66,41,5.0,1534800133
13,44,3.5,1534812298
28,48,4.0,1534867515
77,36,2.5,1534879293
75,37,4.0,1534886539
64,2,3.0,1534895115
23,23,4.5,1534902610
87,17,4.0,1534912039
44,28,3.5,1534928611
23,16,3.5,1534982885
13,14,3.5,1534985374
76,31,3.0,1535054708
12,47,3.0,1535067044
88,10,3.0,1535121096
35,22,4.0,1535275843
33,32,3.0,1535323438
31,25,3.0,1535369431
15,39,4.0,1535384387
57,39,4.0,1535428952
97,9,4.0,1535488348
47,30,3.0,1535511285
98,7,5.0,1535579279
74,26,3.0,1535594945
34,28,3.5,1535624146
6,22,4.5,1535627867
95,5,4.0,1535648118
9,35,4.0,1535662355
77,8,4.0,1535671584
22,3,3.0,1535671680
94,9,5.0,1535691338
43,4,5.0,1535717359
56,29,4.0,1535749614
27,34,4.0,1535794236
52,20,3.0,1535797471
91,28,2.5,1535818526
35,29,3.0,1535876110
61,32,3.5,1535950372
24,24,4.5,1536012127
97,29,5.0,1536056928
29,10,3.0,1536063850
32,48,2.5,1536078821
75,28,3.0,1536083560
2,21,3.0,1536185181
83,42,3.5,1536211802
61,50,4.0,1536243385
62,23,5.0,1536267398
49,38,5.0,1536269286
46,22,3.5,1536316277
88,3,3.0,1536324795
100,39,4.0,1536343663
68,45,3.0,1536345093
75,50,4.0,1536392270
92,50,3.5,1536408585
81,3,4.0,1536411385
18,37,4.5,1536420225
49,10,3.0,1536438407
91,39,2.5,1536467108
6,45,2.5,1536513473
45,21,3.5,1536523916
40,30,3.0,1536526797
75,33,3.5,1536600796
73,44,4.5,1536645727
59,8,4.0,1536723989
78,34,4.0,1536768547
54,48,3.5,1536844546
3,39,3.5,1536881749
18,7,3.5,1536898333
33,2,3.5,1536935492
49,5,3.5,1536968010
91,6,3.5,1536997313
87,33,3.0,1537017468
51,3,4.0,1537239242
16,17,3.5,1537248039
50,44,4.5,1537249512
33,18,4.0,1537266542
64,48,3.5,1537268813
76,27,3.5,1537269561
100,5,4.5,1537372933
57,21,3.5,1537394398
49,4,3.5,1537402338
73,37,4.0,1537466592
87,7,4.5,1537484965
52,26,4.0,1537535504
13,6,3.5,1537561543
54,2,3.0,1537585354
20,31,3.5,1537597602
33,3,3.0,1537604705
31,2,3.5,1537616658
7,42,5.0,1537647526
28,29,3.5,1537698908
100,44,3.5,1537719133
3,32,3.0,1537732389
26,4,4.5,1537741444
52,21,3.5,1537822773
18,28,3.0,1537878984
39,16,3.5,1537885345
1,36,3.5,1537887807
96,25,4.0,1537890421
8,1,3.5,1537922268
93,14,3.0,1537956448
37,50,4.0,1538066947
86,41,4.5,1538086481
20,38,4.5,1538090893
72,1,3.0,1538117568
91,13,3.5,1538126155
83,10,2.5,1538135032
54,3,3.5,1538156048
53,50,3.5,1538214010
78,36,4.5,1538239218
65,13,3.5,1538254978
85,48,3.0,1538307146
69,41,4.5,1538315952
6,41,3.0,1538336441
93,43,3.0,1538382811
100,45,4.5,1538384685
69,31,3.0,1538385175
73,6,4.0,1538445666
54,36,4.0,1538484147
90,28,3.0,1538486363
60,47,3.0,1538532464
22,16,3.5,1538572553
57,40,3.0,1538603953
97,13,3.0,1538640135
61,49,2.5,1538693624
87,47,3.5,1538745294
85,7,3.5,1538799184
65,21,3.5,1538804939
14,18,4.5,1538896543
45,41,4.5,1538941416
58,6,4.0,1538994585
36,44,4.5,1539037341
46,44,5.0,1539100382
81,32,3.5,1539103154
27,7,3.0,1539112973
11,4,4.5,1539119990
82,33,3.0,1539161481
6,5,3.0,1539180418
44,29,4.0,1539194258
28,10,4.0,1539205414
71,27,2.0,1539217084
84,37,3.5,1539237889
8,35,3.5,1539329329
12,32,4.0,1539336999
21,19,4.0,1539347517
43,3,3.5,1539412182
27,32,4.5,1539431894
55,14,4.0,1539443275
29,49,4.5,1539534336
14,49,4.0,1539565574
47,36,3.5,1539598920
14,34,3.5,1539614591
75,6,4.0,1539652110
50,13,3.5,1539664082
14,20,3.0,1539679790
53,13,3.0,1539722425
44,10,4.0,1539722905
51,16,4.5,1539722980
37,6,4.5,1539723120
50,33,3.0,1539762577
88,7,3.5,1539788706
97,18,4.5,1539833105
6,11,3.5,1539885151
71,34,3.5,1539896241
75,40,3.5,1539963011
86,48,4.5,1539987021
8,31,2.5,1539990722
41,37,3.5,1539992191
63,49,2.5,1540039012
37,11,4.5,1540069278
76,24,4.5,1540105344
11,41,4.0,1540114898
23,43,4.0,1540200319
77,25,4.0,1540212356
35,14,3.5,1540309452
41,9,4.0,1540314610
30,26,3.5,1540323254
66,19,4.0,1540558567
86,18,5.0,1540567881
50,1,4.0,1540676760
15,30,5.0,1540704028
17,9,2.5,1540755600
10,11,3.5,1540810690
44,22,5.0,1540826149
18,42,3.5,1540829195
29,45,3.5,1540830394
87,24,4.0,1540842187
33,34,3.0,1540842309
37,43,4.0,1540853830
48,16,5.0,1540875272
81,44,5.0,1540887504
86,37,4.0,1540898549
97,3,3.5,1540912406
52,5,3.5,1540959414
100,10,3.5,1540992811
58,39,4.0,1541009507
86,22,4.0,1541033777
4,8,3.0,1541081955
17,8,4.5,1541096276
40,20,3.5,1541204223
55,28,3.5,1541208691
78,41,4.5,1541265858
93,9,4.0,1541311237
15,1,4.5,1541339928
77,5,4.0,1541392506
96,30,3.5,1541399373
88,24,3.5,1541481253
13,28,2.5,1541526140
46,27,4.0,1541567458
8,9,4.0,1541571154
31,14,3.5,1541602178
33,12,4.5,1541659511
88,19,2.0,1541730369
84,14,4.5,1541785318
38,46,3.5,1541798057
99,7,4.5,1541879502
4,47,3.0,1541891100
2,29,4.5,1541935183
15,26,3.5,1541956428
39,27,3.5,1541958579
61,37,4.5,1541959568
77,22,3.5,1541976482
14,23,3.5,1541992768
64,35,3.0,1542084133
55,11,3.0,1542103784
52,9,3.0,1542151370
77,3,2.5,1542164498
79,26,3.5,1542167756
8,45,3.5,1542173613
50,35,3.0,1542177386
53,5,4.0,1542190684
13,31,3.0,1542229502
16,31,3.5,1542266749
33,40,2.5,1542285774
76,25,3.0,1542302229
9,38,3.5,1542322106
37,28,3.0,1542363066
92,23,3.5,1542399269
7,44,4.5,1542456743
90,15,3.0,1542530887
11,43,4.5,1542543594
5,32,4.0,1542574974
10,47,3.0,1542584611
75,30,3.5,1542587126
79,44,4.0,1542588996
71,46,3.5,1542639293
19,33,3.0,1542666770
90,43,3.0,1542697038
28,32,3.5,1542760865
19,49,4.0,1542784383
83,7,3.5,1542829668
81,47,4.0,1542928041
61,15,4.5,1542943686
40,31,3.5,1542977846
44,33,3.0,1542983716
100,19,3.0,1543023430
47,33,2.5,1543084661
47,43,3.0,1543151042
5,34,3.5,1543164775
15,49,3.5,1543229589
21,29,3.5,1543275162
1,46,4.5,1543284555
62,25,4.0,1543300882
1,8,4.5,1543314177
26,48,3.5,1543324235
43,24,4.5,1543332290
92,19,2.5,1543335601
73,12,3.0,1543357892
56,28,3.0,1543388912
52,46,4.5,1543394006
39,6,3.5,1543415684
99,47,3.5,1543419886
56,24,3.5,1543510554
39,4,5.0,1543547608
61,18,4.5,1543659539
70,22,4.0,1543794313
83,27,3.5,1543808536
37,12,3.0,1543814652
55,9,4.0,1543821149
4,24,5.0,1543851297
98,36,4.0,1543887602
79,31,3.5,1544038982
35,39,4.5,1544045806
6,44,4.5,1544046011
2,45,4.5,1544074479
71,32,4.5,1544102250
22,32,4.0,1544102746
61,14,4.5,1544103451
53,44,5.0,1544112362
36,12,3.0,1544134172
37,17,4.0,1544138055
73,32,3.5,1544156557
83,40,4.5,1544167891
82,42,4.5,1544182637
89,19,2.5,1544189537
90,2,3.0,1544190101
27,31,3.0,1544275890
21,33,3.0,1544289453
50,34,4.0,1544304612
80,8,4.5,1544309806
67,49,4.0,1544318545
76,16,4.5,1544320832
56,37,4.0,1544325022
8,11,4.0,1544350782
80,28,3.0,1544354336
1,13,3.5,1544395792
76,22,4.0,1544404654
32,7,4.5,1544583965
86,24,4.0,1544617002
37,30,4.0,1544644734
57,1,3.5,1544672166
35,34,3.0,1544746694
85,1,4.0,1544785341
95,37,4.0,1544830017
55,2,2.5,1544861498
22,7,3.5,1544867603
23,48,4.0,1544890626
80,18,4.5,1544963729
90,9,4.5,1544984601
15,3,3.5,1545021543
35,31,4.5,1545039188
44,23,4.0,1545041450
61,21,3.0,1545067191
91,15,4.0,1545069153
3,25,3.0,1545090219
83,13,3.0,1545168884
73,34,4.0,1545208794
69,26,3.5,1545216126
57,10,3.0,1545244442
88,32,3.5,1545322214
84,20,4.0,1545324759
81,26,2.5,1545349620
77,40,3.5,1545365381
21,45,3.5,1545381171
2,15,3.5,1545468621
57,5,3.0,1545490365
92,40,3.5,1545570340
35,36,4.0,1545636190
55,12,5.0,1545652323
78,9,5.0,1545663485
8,22,4.0,1545670098
16,11,4.0,1545678380
38,7,3.0,1545705353
45,5,3.5,1545722828
78,10,3.5,1545729343
79,10,3.5,1545753171
69,34,4.0,1545764494
71,6,5.0,1545825600
97,7,4.5,1545831414
44,16,4.0,1545869933
61,45,3.5,1545922782
87,43,3.5,1545923308
52,43,4.0,1545953804
52,22,4.5,1545956867
80,14,3.5,1545987077
69,14,4.0,1546022732
77,19,2.5,1546031366
64,26,3.0,1546056231
10,24,5.0,1546068894
69,10,3.0,1546137553
71,48,4.0,1546253992
1,24,5.0,1546272349
55,32,4.0,1546287385
26,26,3.0,1546404947
100,33,2.5,1546429214
79,6,5.0,1546459468
78,1,3.0,1546460513
91,47,3.5,1546500729
78,13,3.5,1546536562
35,17,3.0,1546538691
99,48,4.0,1546547903
50,30,4.0,1546578849
84,44,5.0,1546596238
28,43,4.0,1546645603
20,6,3.5,1546691030
39,11,4.5,1546718002
61,33,2.5,1546775573
96,31,3.0,1546792511
44,40,3.0,1546863020
40,25,3.5,1546879952
99,39,3.5,1546910010
58,18,4.0,1546932989
61,22,4.5,1546958060
4,25,3.0,1547006898
69,50,4.0,1547062269
32,40,3.5,1547075867
100,9,2.5,1547088750
48,33,3.5,1547138265
97,44,4.5,1547180075
58,22,3.0,1547214241
26,28,4.0,1547232017
70,24,4.5,1547239591
55,38,3.0,1547252326
35,26,4.0,1547343236
39,47,3.5,1547385535
27,6,4.5,1547389061
91,20,3.5,1547405650
13,32,4.5,1547428050
24,2,3.5,1547449965
91,31,3.5,1547457150
93,30,4.0,1547477222
47,44,4.0,1547483307
76,42,4.5,1547484746
78,40,3.5,1547550657
10,5,4.0,1547599043
78,45,2.5,1547655013
27,38,4.0,1547698486
1,5,4.0,1547768862
17,7,4.5,1547778164
31,37,3.5,1547782451
14,39,3.0,1547799292
98,11,4.0,1547801053
19,39,4.0,1547864874
32,24,4.0,1547894167
21,20,3.5,1547917399
97,41,4.0,1547940791
35,16,4.0,1547949008
53,22,5.0,1547951570
32,37,4.5,1548007549
45,26,3.5,1548026607
91,50,4.0,1548028028
73,33,3.0,1548087390
57,38,5.0,1548092068
53,43,3.0,1548114499
77,7,3.0,1548131421
40,46,4.5,1548138998
10,33,3.5,1548287188
52,36,3.0,1548309393
40,36,4.0,1548497117
9,2,2.5,1548533417
79,17,3.5,1548563925
4,1,4.5,1548618990
86,3,4.0,1548781986
76,23,4.0,1548787424
36,36,5.0,1548798926
43,42,3.5,1548802647
63,10,3.5,1548815631
91,41,4.5,1548841452
100,12,3.5,1548860666
41,49,3.5,1548875566
37,18,4.5,1548905166
79,50,3.5,1548925702
15,35,3.0,1548938348
7,14,4.0,1548941187
70,21,3.5,1548951226
81,4,4.0,1548972935
3,4,5.0,1548999247
44,25,3.0,1549003081
74,11,3.0,1549125599
29,8,4.0,1549138606
26,8,4.5,1549204632
86,50,4.5,1549279419
69,5,2.5,1549282195
26,41,3.0,1549303592
22,35,2.5,1549323424
1,37,3.5,1549329726
12,19,3.5,1549379540
33,4,4.5,1549536350
82,10,3.0,1549561178
74,43,3.5,1549577969
27,45,3.0,1549588408
83,15,3.5,1549594278
71,39,3.5,1549603214
81,1,4.0,1549612402
86,27,3.0,1549621328
15,20,3.5,1549626619
55,49,3.5,1549630217
52,37,3.0,1549654582
33,9,4.5,1549676638
37,20,4.0,1549710704
64,8,3.5,1549737587
49,15,4.5,1549782016
21,23,4.0,1549792389
100,26,2.5,1549794541
33,23,3.5,1549807906
64,3,4.5,1549832788
82,3,3.5,1549858313
90,12,4.0,1549880368
66,20,3.5,1549912759
69,15,3.5,1550086624
55,37,4.0,1550108077
5,38,3.5,1550146963
94,24,3.5,1550150238
91,30,3.5,1550155234
98,18,5.0,1550220132
87,26,3.0,1550228146
22,38,4.5,1550257908
83,14,3.5,1550276430
92,25,3.5,1550369406
35,3,3.5,1550377920
30,15,3.5,1550456957
8,13,3.0,1550507456
73,10,3.5,1550533947
67,40,3.0,1550583159
46,5,4.0,1550650994
40,45,2.5,1550651448
54,18,3.5,1550658345
81,48,3.5,1550748022
40,11,4.0,1550848929
32,19,3.5,1550853440
45,35,3.5,1550860894
38,27,3.5,1550907245
79,41,3.5,1550939535
3,38,4.5,1550975510
72,32,3.5,1551056375
7,23,3.5,1551065709
97,22,4.5,1551138145
3,9,3.5,1551200995
87,32,3.5,1551245255
19,48,3.0,1551343450
76,18,4.0,1551375034
26,21,3.0,1551384325
67,36,5.0,1551426555
98,47,3.5,1551445135
57,50,2.5,1551499883
91,32,3.0,1551506970
32,26,2.5,1551516346
95,44,4.0,1551588292
53,8,4.5,1551690717
81,31,4.0,1551734313
63,33,3.5,1551840235
45,28,3.5,1551910915
62,20,4.0,1551913944
17,15,3.5,1551921888
51,45,2.5,1551959189
98,31,3.0,1551973831
87,39,2.5,1551985748
42,18,3.5,1551996335
4,6,4.0,1551998733
97,43,3.0,1552068780
9,17,4.5,1552076009
49,29,5.0,1552106050
77,42,3.0,1552245668
8,33,4.0,1552284843
75,8,4.5,1552286791
88,9,3.5,1552315982
65,33,3.0,1552371547
30,5,4.0,1552380835
80,31,4.0,1552473616
55,27,4.0,1552526151
94,35,3.5,1552556758
68,7,3.5,1552564936
6,29,5.0,1552618149
44,5,3.0,1552658918
55,40,3.5,1552684246
69,3,4.5,1552736561
23,8,5.0,1552753400
70,44,3.5,1552783016
98,29,4.0,1552807176
73,43,3.0,1552819623
70,48,3.0,1552823363
53,49,3.5,1552840028
23,36,3.5,1552873485
66,22,3.5,1552885061
21,28,3.5,1552891083
17,5,4.0,1553000203
13,25,3.5,1553058714
68,40,4.0,1553077644
21,16,4.5,1553088720
6,50,3.0,1553097288
39,24,5.0,1553155671
33,7,3.5,1553210709
30,20,4.0,1553219081
49,25,4.0,1553252614
75,36,4.5,1553253140
14,24,4.0,1553254101
27,9,2.5,1553269343
100,42,4.0,1553299522
95,3,2.5,1553319079
85,30,3.5,1553326673
35,33,3.5,1553327840
85,19,3.5,1553360274
13,18,4.0,1553366988
10,45,3.5,1553382500
20,18,4.0,1553445747
94,22,3.5,1553461785
75,24,3.5,1553474339
69,49,3.5,1553485892
97,24,4.0,1553523328
81,35,2.5,1553536320
68,32,3.5,1553588761
8,17,4.0,1553692789
98,33,4.0,1553734672
48,14,3.0,1553766032
49,16,4.5,1553810507
53,36,4.0,1553818897
3,34,4.0,1553902688
51,23,3.5,1553942889
7,10,2.0,1553967855
51,31,3.5,1553969128
18,12,3.5,1553969768
8,34,3.0,1554028148
80,1,3.0,1554045881
56,44,4.5,1554086627
44,2,3.0,1554112085
43,36,4.5,1554120279
79,23,4.0,1554130872
77,45,3.0,1554153109
10,18,5.0,1554155174
3,35,4.0,1554193497
33,29,4.0,1554209349
40,23,4.0,1554260522
50,25,2.5,1554301667
94,46,4.5,1554353439
13,47,3.0,1554365552
8,26,3.5,1554374292
10,39,3.5,1554387735
53,46,3.5,1554397937
60,7,3.0,1554430021
40,35,4.0,1554460145
70,9,3.0,1554490065
14,13,3.5,1554508755
91,2,3.0,1554535203
97,32,2.5,1554609500
54,7,3.5,1554624384
51,17,3.5,1554649296
94,23,3.5,1554681542
78,42,4.5,1554710852
59,25,3.5,1554724285
32,2,3.0,1554744726
4,18,4.0,1554745283
78,5,2.5,1554768285
36,43,3.0,1554830486
40,41,3.5,1554833136
96,16,4.0,1554877382
82,6,3.5,1554879095
29,41,5.0,1554904621
72,17,4.0,1554926252
89,3,2.5,1554935013
44,38,5.0,1554939626
69,11,4.0,1554955365
86,9,3.0,1554992372
83,11,4.5,1555033423
66,30,4.5,1555051099
31,19,3.5,1555053908
58,16,4.5,1555138334
32,49,4.5,1555146265
34,47,3.5,1555167177
36,48,3.5,1555186894
60,35,4.5,1555240443
70,4,4.5,1555265897
13,16,3.5,1555275080
1,2,2.5,1555306215
28,39,3.5,1555310912
85,22,3.5,1555322954
52,39,3.5,1555335851
98,3,3.5,1555380737
94,28,2.5,1555412876
61,31,3.0,1555417368
25,15,3.0,1555488860
99,8,3.5,1555489957
51,35,3.0,1555563488
1,4,3.0,1555598005
89,34,3.0,1555613450
83,17,3.0,1555634615
36,5,3.0,1555657318
39,14,4.5,1555668358
24,8,4.0,1555723405
4,49,3.0,1555734100
100,2,3.0,1555801366
73,28,4.0,1555823587
72,6,3.5,1555827264
25,25,4.0,1555841340
34,48,3.5,1555849350
61,42,4.0,1555857415
78,7,4.0,1555858550
80,43,3.5,1555859691
15,32,4.5,1555879862
32,17,3.5,1555991268
62,16,4.5,1556152502
92,49,4.0,1556158201
73,26,4.0,1556181424
63,39,4.0,1556197307
85,6,5.0,1556240169
1,16,4.0,1556249716
56,23,5.0,1556269369
64,11,4.0,1556288622
87,41,3.5,1556294781
93,47,4.0,1556312969
86,6,3.0,1556411270
6,36,3.5,1556417207
23,24,4.5,1556430474
57,23,4.0,1556468770
15,34,3.5,1556488182
78,3,3.5,1556503437
88,12,3.5,1556550243
8,39,4.0,1556556377
78,48,3.5,1556594536
6,33,3.5,1556640318
48,11,4.0,1556649352
58,7,4.5,1556649690
98,17,3.5,1556674796
86,42,4.0,1556806447
75,18,4.0,1556841308
98,44,4.5,1556866700
76,48,2.5,1556868547
90,26,3.0,1556882151
40,29,4.5,1556906194
22,43,4.5,1556929421
55,26,3.5,1557003825
22,41,3.0,1557005337
31,49,3.5,1557042378
6,24,3.5,1557051943
25,1,3.0,1557072315
78,21,2.5,1557074477
81,37,4.5,1557138533
1,38,4.0,1557183076
84,6,3.5,1557211484
72,37,3.0,1557265173
79,16,3.5,1557270115
48,35,4.0,1557340412
71,13,3.0,1557340930
79,29,4.5,1557357262
6,9,3.5,1557365001
6,42,4.0,1557376807
10,2,2.5,1557433667
3,3,3.5,1557442063
88,26,4.5,1557443963
99,3,4.5,1557511500
43,41,4.5,1557511990
38,13,3.5,1557573290
74,37,4.5,1557602191
50,46,3.5,1557718917
26,5,4.5,1557772934
1,39,4.5,1557813469
38,19,2.0,1557822819
11,18,4.0,1557870938
32,21,3.5,1557905846
68,16,4.5,1557954236
42,37,3.0,1557958450
20,36,3.5,1557981998
18,29,3.5,1557989327
26,6,4.0,1558050960
66,34,4.5,1558123415
26,38,4.5,1558130437
79,45,3.5,1558136327
82,24,4.5,1558137504
52,10,3.0,1558144041
42,22,3.5,1558324037
22,47,4.5,1558346641
45,10,3.0,1558348758
93,45,4.5,1558380410
26,42,4.0,1558385183
59,9,3.0,1558399328
52,11,3.5,1558400698
9,28,2.0,1558410422
54,40,4.0,1558458376
7,7,4.0,1558482707
72,2,3.5,1558494423
35,13,2.5,1558537534
24,39,3.5,1558586828
17,39,3.5,1558587644
98,12,5.0,1558624891
32,23,4.5,1558736251
77,6,3.5,1558803886
10,46,4.5,1558804071
62,9,2.5,1558835639
77,23,3.5,1558895385
53,28,3.0,1558941471
41,30,4.5,1558957383
100,20,4.0,1558974724
8,50,3.0,1558992355
60,1,4.0,1559007646
39,42,3.5,1559051490
99,38,4.5,1559053737
81,9,3.5,1559090575
98,39,4.0,1559107022
58,45,2.5,1559162432
21,34,4.0,1559170042
44,46,3.5,1559181179
94,48,3.5,1559190632
45,4,4.0,1559215563
54,9,4.5,1559237816
66,14,3.5,1559286497
26,45,3.5,1559324361
12,24,4.0,1559390148
86,36,3.5,1559410834
100,30,3.0,1559436476
92,44,5.0,1559467627
64,28,3.0,1559471824
48,5,4.5,1559486065
94,47,3.0,1559492744
57,3,3.0,1559518804
51,14,4.0,1559605661
61,4,5.0,1559624308
87,45,4.0,1559628693
32,46,4.5,1559688146
64,1,4.0,1559708583
92,42,4.5,1559716737
52,27,3.0,1559732463
11,47,3.5,1559741089
82,19,3.5,1559767717
44,37,3.5,1559786361
62,44,4.0,1559796562
23,40,3.5,1559828663
3,41,5.0,1559834475
94,13,3.0,1559873516
39,29,4.5,1559928098
40,2,4.0,1559940392
26,14,4.5,1560017784
93,40,3.5,1560036217
41,11,4.0,1560046275
51,21,3.0,1560058223
1,47,2.5,1560079609
22,15,3.5,1560124903
52,4,5.0,1560181122
40,38,4.0,1560198959
85,2,4.0,1560199769
87,9,3.0,1560201962
40,7,5.0,1560244764
79,19,3.5,1560260728
57,34,2.5,1560270911
81,14,4.0,1560278709
36,1,3.0,1560368047
11,44,4.0,1560503308
49,27,4.5,1560528764
50,15,3.5,1560570463
99,28,3.5,1560621623
46,26,4.5,1560632009
72,35,3.5,1560672057
94,10,3.5,1560694486
85,15,3.5,1560743857
56,21,3.5,1560811392
54,6,5.0,1560818774
76,14,3.5,1560869633
37,3,4.0,1560880019
82,41,4.5,1560940840
33,19,2.5,1560973840
31,32,4.0,1560997677
1,33,2.5,1561036852
32,32,3.0,1561113402
11,7,3.0,1561156198
96,50,3.0,1561162775
69,4,5.0,1561192759
95,39,2.5,1561210161
85,41,3.5,1561250202
79,21,3.5,1561258561
78,20,2.5,1561323367
38,4,4.5,1561344528
8,38,4.0,1561376868
48,3,3.5,1561412183
21,14,4.0,1561433011
93,5,3.5,1561505684
9,36,4.0,1561566250
63,50,2.5,1561571153
3,28,4.0,1561575156
14,7,5.0,1561625083
99,27,2.5,1561684714
75,46,5.0,1561703178
2,14,3.5,1561709735
84,26,3.0,1561720442
26,39,3.5,1561731855
12,46,5.0,1561739931
53,34,4.5,1561774094
81,42,4.0,1561824245
60,28,3.0,1561902889
31,1,3.0,1561943591
34,13,2.5,1561967080
43,29,4.5,1561969785
39,5,4.0,1562075887
85,50,3.5,1562120790
84,41,4.0,1562168257
93,29,3.5,1562260294
71,2,3.5,1562288823
51,9,3.0,1562301174
27,35,2.5,1562317532
75,10,3.5,1562317745
32,12,4.0,1562329043
11,49,3.0,1562354471
86,45,2.5,1562361172
14,21,3.5,1562395721
84,49,3.0,1562406811
27,1,4.0,1562407534
1,40,4.0,1562421788
17,11,4.0,1562447397
72,29,4.5,1562489914
26,20,4.0,1562531786
100,25,4.5,1562535099
99,4,3.5,1562536231
69,24,4.5,1562547833
9,45,4.0,1562572703
55,29,3.5,1562661166
14,32,4.0,1562715798
81,33,3.5,1562722718
55,18,4.5,1562724754
86,8,3.5,1562767723
84,7,3.0,1562789122
81,30,4.0,1562819654
4,5,3.0,1562823878
71,49,2.5,1562843109
99,33,4.0,1562872909
41,12,3.5,1562912603
65,38,5.0,1562945879
28,6,5.0,1562970858
99,11,4.0,1563010638
79,32,4.0,1563048751
44,31,4.0,1563158497
70,1,3.0,1563185186
45,12,3.5,1563192440
44,4,3.5,1563217085
83,39,2.5,1563229674
26,12,3.0,1563243378
66,37,5.0,1563259979
53,40,3.5,1563261352
53,27,2.5,1563316133
62,11,3.5,1563327864
30,6,4.0,1563330359
25,7,4.0,1563330621
49,36,4.0,1563333338
86,34,3.5,1563366158
33,36,3.5,1563385908
53,47,3.5,1563424696
40,16,3.5,1563463000
68,9,4.0,1563466297
64,36,3.5,1563481333
4,14,3.0,1563535037
40,40,4.0,1563558824
69,2,2.0,1563559633
66,6,5.0,1563577839
62,37,4.0,1563578182
17,1,3.5,1563579424
38,17,4.5,1563654329
92,10,3.0,1563742287
64,47,4.0,1563744013
31,6,4.0,1563744988
42,29,4.5,1563750307
7,13,4.0,1563824645
76,37,4.5,1563868689
80,2,3.0,1564079326
39,7,3.5,1564091787
1,19,3.0,1564091971
43,21,3.5,1564175411
75,2,4.0,1564216059
57,18,3.0,1564275399
99,1,3.5,1564281579
1,50,3.5,1564295722
98,49,3.0,1564324588
40,14,3.0,1564360865
61,27,4.5,1564373353
73,8,4.0,1564413357
27,16,4.5,1564434387
7,50,3.0,1564474796
10,4,4.0,1564597267
72,14,4.0,1564612059
15,9,4.0,1564649332
63,6,5.0,1564657247
57,4,4.0,1564692692
2,8,4.0,1564695287
2,3,4.0,1564744109
35,44,4.5,1564774465
86,31,4.0,1564817533
23,4,5.0,1564839840
56,20,4.0,1564847723
23,14,5.0,1564854908
18,15,3.5,1564899253
44,3,3.5,1564943932
46,15,3.0,1564948538
66,40,4.0,1564991523
79,1,4.0,1565046604
99,29,4.5,1565083589
66,32,4.5,1565092917
95,4,3.5,1565093794
71,16,5.0,1565103961
96,13,2.5,1565121551
76,7,3.5,1565128564
4,39,4.0,1565145915
43,50,4.0,1565181077
46,31,3.5,1565288180
98,21,3.0,1565320191
81,17,4.5,1565337633
29,2,3.0,1565355151
12,33,3.0,1565376365
90,21,4.0,1565382736
3,42,5.0,1565418638
99,19,3.5,1565435053
88,29,4.0,1565459822
39,35,3.0,1565486659
94,1,3.0,1565525313
77,32,3.5,1565528190
79,8,4.5,1565537759
33,41,4.0,1565598259
21,4,5.0,1565605339
48,26,3.0,1565708658
14,22,5.0,1565760537
13,1,4.0,1565879862
10,9,3.0,1565901169
15,47,3.0,1565906818
23,13,3.5,1565959795
8,48,3.0,1565961789
55,36,4.5,1566003310
78,29,4.0,1566028268
97,25,3.5,1566044067
98,13,3.0,1566061174
69,30,4.0,1566131398
82,20,3.0,1566149646
47,21,2.5,1566253071
18,26,4.0,1566278565
67,35,4.0,1566288224
49,24,4.0,1566295325
49,49,3.5,1566296035
5,25,4.0,1566373801
83,38,5.0,1566397858
73,2,3.5,1566474071
41,50,4.0,1566578745
50,42,4.5,1566615505
39,28,3.0,1566619059
83,37,4.0,1566626407
23,19,3.5,1566714232
37,42,4.0,1566799365
90,6,5.0,1566859120
6,27,3.5,1566859832
49,12,3.0,1566885760
63,35,2.5,1566894014
66,38,3.0,1566908442
27,42,3.5,1566927065
30,11,4.0,1566940867
43,49,4.0,1567014353
91,14,4.5,1567090819
8,3,3.5,1567110224
55,7,3.5,1567114981
80,16,3.5,1567185811
10,48,3.5,1567218662
17,33,2.5,1567224316
45,17,3.5,1567239402
51,18,5.0,1567252195
57,12,4.5,1567254949
34,14,3.5,1567285328
19,41,5.0,1567332098
47,18,4.0,1567338895
24,31,3.5,1567369989
70,50,3.0,1567383708
84,31,4.0,1567452689
59,38,4.5,1567486326
62,3,4.5,1567527951
40,12,4.5,1567564767
19,45,3.0,1567606336
52,49,2.5,1567615667
18,21,2.5,1567631450
27,27,3.0,1567638535
34,9,3.5,1567697879
11,32,3.5,1567702498
42,25,3.5,1567766065
42,41,3.5,1567784359
48,27,4.0,1567800970
74,39,4.0,1567871372
34,37,4.0,1567993725
50,23,3.5,1568070373
97,46,5.0,1568091183
83,18,4.5,1568093088
61,41,4.0,1568112315
99,22,4.0,1568123785
49,2,3.5,1568124137
62,2,3.5,1568197639
19,30,3.5,1568258582
94,40,4.0,1568334305
44,27,3.5,1568390528
70,34,3.5,1568398792
27,48,3.5,1568428923
99,9,3.5,1568490104
70,3,4.0,1568539237
92,18,4.5,1568574523
74,47,3.5,1568596435
12,21,3.0,1568605900
81,24,3.5,1568607168
98,46,3.0,1568712272
69,29,4.5,1568743077
36,24,4.0,1568763290
32,15,3.5,1568782074
63,23,3.0,1568790331
78,23,4.0,1568819233
75,38,4.0,1568874123
16,41,3.5,1568933849
92,36,3.5,1568950872
82,13,3.5,1569006837
40,4,5.0,1569050903
22,33,2.5,1569065035
60,29,3.0,1569081014
87,4,4.0,1569085699
9,37,5.0,1569097083
95,32,3.0,1569128821
59,44,4.5,1569190070
15,38,5.0,1569240225
97,10,2.5,1569272680
26,43,3.5,1569280480
94,26,4.5,1569308062
69,9,3.0,1569338070
87,22,3.5,1569344497
94,31,3.5,1569357244
8,41,4.5,1569426306
21,1,3.5,1569442150
93,6,4.5,1569565034
90,48,4.5,1569584073
36,45,3.0,1569622720
58,3,2.5,1569627628
98,38,4.5,1569641808
34,29,3.5,1569712992
91,34,3.5,1569756864
17,36,4.0,1569774702
23,47,4.5,1569826913
76,12,3.0,1569828455
91,3,4.5,1569840376
22,23,4.0,1569902927
12,41,3.5,1569966901
20,45,4.0,1569995269
45,42,4.5,1570022465
68,25,2.5,1570125356
17,14,4.0,1570199439
55,41,3.5,1570236061
82,40,4.0,1570293494
7,15,3.5,1570295290
51,40,4.5,1570330537
57,20,4.0,1570376697
65,23,3.5,1570387960
67,11,4.0,1570428289
31,31,4.0,1570467106
96,10,4.0,1570469634
40,32,2.5,1570477494
16,7,4.0,1570495979
76,9,3.0,1570497383
3,37,4.0,1570536914
87,48,4.0,1570559536
13,35,3.5,1570638326
18,13,3.5,1570662444
66,15,3.0,1570665901
40,10,3.5,1570768911
58,27,4.0,1570779124
15,13,4.0,1570835388
21,21,3.0,1570878728
52,2,3.0,1570882200
54,31,3.5,1570907076
73,15,3.5,1570983217
64,34,3.0,1571006410
44,32,4.0,1571032987
15,37,3.5,1571172203
16,39,3.5,1571187913
85,18,5.0,1571204508
84,19,3.5,1571260982
80,46,3.5,1571320395
55,24,5.0,1571361498
36,27,3.0,1571380407
100,22,3.0,1571420083
85,28,3.5,1571431120
13,29,4.0,1571455580
15,24,4.5,1571484679
99,10,4.0,1571497616
93,33,3.5,1571503099
32,34,3.5,1571536441
60,21,3.0,1571549243
28,38,4.0,1571590511
97,4,3.5,1571613858
63,11,3.5,1571650836
62,33,3.5,1571741413
49,35,4.5,1571771805
88,13,4.5,1571787564
64,30,4.0,1571809794
2,33,2.5,1571955832
55,15,3.0,1571980711
4,32,3.5,1571981498
63,42,4.5,1572034844
48,12,4.5,1572061093
84,34,4.5,1572111773
59,12,3.5,1572114697
3,23,4.5,1572234508
73,1,4.0,1572240084
87,34,4.0,1572306854
3,30,4.0,1572307137
94,16,4.0,1572327795
57,16,4.0,1572348683
52,31,4.0,1572354272
34,33,3.0,1572389545
61,36,3.0,1572448932
63,34,3.5,1572476485
8,19,2.5,1572484191
65,8,3.5,1572554371
89,15,4.5,1572617579
76,44,4.5,1572636665
29,5,4.5,1572640849
66,46,4.5,1572760476
33,48,3.5,1572802234
78,2,3.5,1572832622
68,10,4.0,1572841753
40,44,3.5,1572860063
5,12,3.5,1572903015
64,17,4.5,1572948018
88,40,3.5,1572967088
37,13,3.5,1573005419
1,20,4.0,1573216809
48,30,3.5,1573222711
57,9,3.5,1573223136
61,12,3.5,1573227049
10,26,3.5,1573345356
15,42,4.5,1573350065
4,46,4.5,1573403927
54,5,4.0,1573490607
23,26,4.0,1573571291
83,43,4.5,1573577002
100,40,4.0,1573600684
33,20,3.5,1573617576
42,45,3.0,1573659185
88,5,3.5,1573710914
51,32,3.0,1573741899
76,33,4.0,1573745344
1,49,3.5,1573755557
61,20,4.0,1573789396
10,17,4.0,1573814732
33,11,3.5,1573876087
15,12,4.5,1573891920
85,11,3.0,1573921857
89,40,3.0,1573942315
37,22,3.5,1573987808
73,30,4.0,1573995582
52,24,4.0,1574000346
24,17,3.5,1574025170
3,13,3.0,1574041014
94,6,5.0,1574072961
41,29,4.0,1574079029
51,11,3.0,1574095074
88,38,5.0,1574160235
39,9,3.0,1574214922
75,11,4.0,1574251797
46,1,4.0,1574267700
27,44,5.0,1574325040
80,38,4.5,1574360207
13,8,4.0,1574372963
85,16,3.5,1574381971
82,12,5.0,1574400724
11,3,3.5,1574483575
76,26,4.5,1574533952
75,41,4.5,1574613967
74,32,4.0,1574625434
73,5,3.5,1574649096
88,20,4.0,1574650950
87,19,4.0,1574655876
1,32,4.0,1574765404
98,20,5.0,1574771598
77,33,2.0,1574816561
48,46,4.5,1574949377
45,6,4.5,1574974123
83,34,3.0,1575010945
6,16,4.0,1575024768
54,46,4.5,1575046139
62,45,3.5,1575101149
56,31,4.0,1575107155
65,9,3.5,1575288596
81,8,3.5,1575298779
21,22,4.5,1575340885
99,44,4.0,1575390845
63,2,2.5,1575416266
52,33,3.5,1575427091
53,29,4.0,1575509125
41,40,3.0,1575561450
67,3,3.0,1575578903
30,46,5.0,1575614755
25,34,5.0,1575616806
20,22,3.5,1575639386
94,29,3.0,1575692456
50,48,4.5,1575723450
24,29,4.5,1575778009
79,25,5.0,1575782885
72,10,3.0,1575813580
10,7,4.0,1575821713
89,39,4.5,1575831888
43,32,4.0,1575833453
12,13,3.0,1575836403
45,34,3.5,1575890549
79,37,4.5,1575896292
18,35,4.5,1575965958
69,38,3.5,1575971244
86,1,3.5,1576057119
75,49,4.0,1576085906
34,46,4.0,1576154099
89,37,4.0,1576173156
94,34,3.0,1576198498
95,18,4.0,1576200103
69,20,4.0,1576270153
49,22,5.0,1576298900
65,35,4.0,1576305071
34,15,3.0,1576330744
64,20,3.5,1576339977
76,32,3.5,1576376603
47,28,4.0,1576379585
77,44,4.5,1576390208
21,39,3.5,1576393823
77,9,3.0,1576401680
82,18,4.5,1576431213
72,12,3.0,1576452012
23,25,4.5,1576575991
27,18,3.0,1576577023
17,34,4.5,1576577582
97,34,3.5,1576634364
98,9,4.0,1576641651
39,40,4.5,1576690297
61,34,4.5,1576697480
30,30,3.5,1576708459
45,15,4.5,1576718541
81,15,3.0,1576720362
94,33,3.0,1576724833
100,7,5.0,1576749924
45,19,3.5,1576775240
44,39,3.5,1576791603
85,37,4.5,1576826813
8,16,5.0,1576829041
73,23,4.5,1576876159
77,31,4.0,1576936393
18,5,3.5,1576951700
56,36,4.5,1576954306
5,35,2.5,1577015213
14,40,3.5,1577169886
83,28,3.5,1577178058
23,29,4.5,1577185438
47,48,3.5,1577243350
23,45,4.5,1577264800
73,35,4.0,1577283709
53,2,2.5,1577284813
76,40,4.0,1577332583
10,42,3.0,1577363707
22,4,3.5,1577388429
71,28,3.0,1577399622
45,30,5.0,1577438033
78,32,3.0,1577443269
80,6,5.0,1577480146
28,44,3.5,1577489723
16,13,3.5,1577510125
59,32,4.0,1577526801
69,18,4.0,1577544719
73,19,3.5,1577602943
87,6,3.5,1577659948
58,25,4.0,1577721943
66,33,4.0,1577801306
76,17,3.5,1577814324
79,14,3.5,1577855177
70,26,4.0,1577890047
